"Id";"UserId";"ExternalId";"InvoiceUri";"LevelName";"SessionId";"IsPaymentSuccess";"CompletionDate";"CreateDate"
"003fc68e-1d55-11ef-99ce-0af7a01f52e9";"cf35094a-ad64-41dd-9f2d-32cbc942aaed";"oRbyPEqEO1sQi6O1";"ERROR";"gold";"00000000-0000-0000-0000-000000000000";"0";"";"2024-05-29 00:47:18"
"019ce6a8-0bce-11ef-99ce-0af7a01f52e9";"cf35094a-ad64-41dd-9f2d-32cbc942aaed";"taWrvJenYrx57k83";"NONE";"guest";"NONE";"1";"2024-05-06 17:28:08";"2024-05-06 17:28:08"
"0283596a-5436-11ef-99ce-0af7a01f52e9";"cf35094a-ad64-41dd-9f2d-32cbc942aaed";"xjhAKQ3EjUS0kmlD";"http://api.legallead.co/subscription-checkout?sessionid=sub_1PkuOKDhgP60CL9xLgZ6yFtX&id=xjhAKQ3EjUS0kmlD";"gold";"sub_1PkuOKDhgP60CL9xLgZ6yFtX";"0";"";"2024-08-06 20:54:01"
"03cf2af1-2292-11ef-99ce-0af7a01f52e9";"cf35094a-ad64-41dd-9f2d-32cbc942aaed";"Xyuo9QQZpZq0LWKs";"NONE";"guest";"NONE";"1";"2024-06-04 16:46:39";"2024-06-04 16:46:39"
"05acd472-220b-11ef-99ce-0af7a01f52e9";"bcb2aebb-60ab-4eb2-aba9-11618ea8b3ea";"LsYknVwszh6TtbFO";"https://localhost:44345/subscription-checkout?sessionid=sub_1PNlQFDhgP60CL9x9bpjE0LE&id=LsYknVwszh6TtbFO";"silver";"sub_1PNlQFDhgP60CL9x9bpjE0LE";"0";"";"2024-06-04 00:40:20"
"08034945-0cc0-11ef-99ce-0af7a01f52e9";"cf35094a-ad64-41dd-9f2d-32cbc942aaed";"g10ENVNZxC58MBxK";"NONE";"guest";"NONE";"1";"2024-05-07 22:20:37";"2024-05-07 22:20:37"
"083284e3-e1c6-11ee-b616-0af7a01f52e9";"cf35094a-ad64-41dd-9f2d-32cbc942aaed";"OqFGBI8TEMgDfoOh";"https://localhost/subscription-checkout?sessionid=sub_1Ou76MDhgP60CL9xk5GZmLXA&id=OqFGBI8TEMgDfoOh";"silver";"sub_1Ou76MDhgP60CL9xk5GZmLXA";"0";"";"2024-03-14 05:45:15"
"099f7a73-0bb1-11ef-99ce-0af7a01f52e9";"cf35094a-ad64-41dd-9f2d-32cbc942aaed";"88c39A0sHNoNrjLl";"NONE";"guest";"NONE";"1";"2024-05-06 14:00:47";"2024-05-06 14:00:47"
"09cba554-a5db-11ef-99ce-0af7a01f52e9";"cf35094a-ad64-41dd-9f2d-32cbc942aaed";"ypR1ZCEsoCxFarah";"NONE";"guest";"NONE";"1";"2024-11-18 18:29:25";"2024-11-18 18:29:25"
"0d306165-a5e6-11ef-99ce-0af7a01f52e9";"cf35094a-ad64-41dd-9f2d-32cbc942aaed";"uhQocVJbJlF3eJyc";"NONE";"guest";"NONE";"1";"2024-11-18 19:48:15";"2024-11-18 19:48:15"
"0dbb3a5b-1ddc-11ef-99ce-0af7a01f52e9";"cf35094a-ad64-41dd-9f2d-32cbc942aaed";"PR4L8gWCCsCG76zn";"NONE";"guest";"NONE";"1";"2024-05-29 16:54:03";"2024-05-29 16:54:03"
"0e57bdaa-faa3-11ee-b616-0af7a01f52e9";"cf35094a-ad64-41dd-9f2d-32cbc942aaed";"Kd6dLowinIoTnJMC";"NONE";"guest";"NONE";"1";"2024-04-14 21:07:52";"2024-04-14 21:07:52"
"0e61a4d1-2214-11ef-99ce-0af7a01f52e9";"bcb2aebb-60ab-4eb2-aba9-11618ea8b3ea";"D0b5Bk1hWyyPsXbW";"ERROR";"gold";"00000000-0000-0000-0000-000000000000";"0";"";"2024-06-04 01:45:00"
"0eaa450c-5fca-11ef-99ce-0af7a01f52e9";"cf35094a-ad64-41dd-9f2d-32cbc942aaed";"Swo8oixofV7Eop0Z";"NONE";"guest";"NONE";"1";"2024-08-21 14:31:30";"2024-08-21 14:31:30"
"0ee55ab4-1f92-11ef-99ce-0af7a01f52e9";"cf35094a-ad64-41dd-9f2d-32cbc942aaed";"KilmjxvxC3FiFhn0";"NONE";"guest";"NONE";"1";"2024-05-31 21:09:24";"2024-05-31 21:09:24"
"1022a7dc-1d55-11ef-99ce-0af7a01f52e9";"cf35094a-ad64-41dd-9f2d-32cbc942aaed";"m7SNQriQiodYlEbr";"ERROR";"gold";"00000000-0000-0000-0000-000000000000";"0";"";"2024-05-29 00:47:45"
"10c0fc82-0dbb-11ef-99ce-0af7a01f52e9";"cf35094a-ad64-41dd-9f2d-32cbc942aaed";"bvuBtPZOj5bQ2ePa";"NONE";"guest";"NONE";"1";"2024-05-09 04:17:36";"2024-05-09 04:17:36"
"1121611b-220e-11ef-99ce-0af7a01f52e9";"bcb2aebb-60ab-4eb2-aba9-11618ea8b3ea";"ZBnIc4alreo7oqJO";"https://localhost:44345/subscription-checkout?sessionid=sub_1PNllKDhgP60CL9xqfikIFy3&id=ZBnIc4alreo7oqJO";"silver";"sub_1PNllKDhgP60CL9xqfikIFy3";"0";"";"2024-06-04 01:02:08"
"176e9c1f-1d7d-11ef-99ce-0af7a01f52e9";"cf35094a-ad64-41dd-9f2d-32cbc942aaed";"eoR3Pdxq4j48aDd0";"NONE";"guest";"NONE";"1";"2024-05-29 05:34:17";"2024-05-29 05:34:17"
"19f0c1b7-0c0a-11ef-99ce-0af7a01f52e9";"cf35094a-ad64-41dd-9f2d-32cbc942aaed";"O9i8UAJwpIHt8b7F";"NONE";"guest";"NONE";"1";"2024-05-07 00:38:19";"2024-05-07 00:38:19"
"1a326268-220f-11ef-99ce-0af7a01f52e9";"bcb2aebb-60ab-4eb2-aba9-11618ea8b3ea";"K6R2f5maORN3Sh0d";"https://localhost:44345/subscription-checkout?sessionid=sub_1PNlsVDhgP60CL9xwfGOG9uy&id=K6R2f5maORN3Sh0d";"silver";"sub_1PNlsVDhgP60CL9xwfGOG9uy";"0";"";"2024-06-04 01:09:33"
"1c0f2449-1d59-11ef-99ce-0af7a01f52e9";"cf35094a-ad64-41dd-9f2d-32cbc942aaed";"MXEbAcSk0V7Dhk3a";"https://localhost:44345/subscription-checkout?sessionid=sub_1PLb89DhgP60CL9xQgTjuiq8&id=MXEbAcSk0V7Dhk3a";"platinum";"sub_1PLb89DhgP60CL9xQgTjuiq8";"0";"";"2024-05-29 01:16:43"
"1c7d6572-e1cb-11ee-b616-0af7a01f52e9";"cf35094a-ad64-41dd-9f2d-32cbc942aaed";"suFqzRO89v9IvPND";"https://localhost:44345/subscription-checkout?sessionid=sub_1Ou7fXDhgP60CL9xpySLQg0k&id=suFqzRO89v9IvPND";"silver";"sub_1Ou7fXDhgP60CL9xpySLQg0k";"0";"";"2024-03-14 06:21:36"
"1cf337c7-e2e7-11ee-b616-0af7a01f52e9";"cf35094a-ad64-41dd-9f2d-32cbc942aaed";"aS4R3Ud71kTyerIG";"https://localhost:44345/subscription-checkout?sessionid=sub_1OudOvDhgP60CL9xiUSkuncs&id=aS4R3Ud71kTyerIG";"gold";"sub_1OudOvDhgP60CL9xiUSkuncs";"1";"2024-03-15 16:16:59";"2024-03-15 16:14:34"
"1f2f7ded-1d55-11ef-99ce-0af7a01f52e9";"cf35094a-ad64-41dd-9f2d-32cbc942aaed";"qvxM2klJ4aBKiMax";"https://localhost:44345/subscription-checkout?sessionid=sub_1PLagWDhgP60CL9xWLldnxgJ&id=qvxM2klJ4aBKiMax";"gold";"sub_1PLagWDhgP60CL9xWLldnxgJ";"1";"2024-05-29 00:50:01";"2024-05-29 00:48:10"
"1f886836-1dfa-11ef-99ce-0af7a01f52e9";"cf35094a-ad64-41dd-9f2d-32cbc942aaed";"NdDKS2EO2o0SgRum";"NONE";"guest";"NONE";"1";"2024-05-29 20:29:17";"2024-05-29 20:29:17"
"2049dba2-2214-11ef-99ce-0af7a01f52e9";"bcb2aebb-60ab-4eb2-aba9-11618ea8b3ea";"RS3NFaTl854Er862";"https://localhost:44345/subscription-checkout?sessionid=sub_1PNmRJDhgP60CL9xW93xjXP2&id=RS3NFaTl854Er862";"gold";"sub_1PNmRJDhgP60CL9xW93xjXP2";"1";"2024-06-04 01:46:02";"2024-06-04 01:45:30"
"222d598e-1df0-11ef-99ce-0af7a01f52e9";"cf35094a-ad64-41dd-9f2d-32cbc942aaed";"oX6CF3KSNRjBvgK2";"NONE";"guest";"NONE";"1";"2024-05-29 19:17:47";"2024-05-29 19:17:47"
"22ee2e4d-5456-11ef-99ce-0af7a01f52e9";"cf35094a-ad64-41dd-9f2d-32cbc942aaed";"h4MAmk3yJpZcxZtb";"http://api.legallead.co/subscription-checkout?sessionid=sub_1PkxysDhgP60CL9x4biCprzp&id=h4MAmk3yJpZcxZtb";"gold";"sub_1PkxysDhgP60CL9x4biCprzp";"0";"";"2024-08-07 00:44:00"
"23df82a2-5436-11ef-99ce-0af7a01f52e9";"cf35094a-ad64-41dd-9f2d-32cbc942aaed";"ANLgDVEd1M68nDct";"http://api.legallead.co/subscription-checkout?sessionid=sub_1PkuPEDhgP60CL9xmCyTjf3O&id=ANLgDVEd1M68nDct";"gold";"sub_1PkuPEDhgP60CL9xmCyTjf3O";"0";"";"2024-08-06 20:54:57"
"244c8e36-1d56-11ef-99ce-0af7a01f52e9";"cf35094a-ad64-41dd-9f2d-32cbc942aaed";"vmAqoq7OIY69JEgk";"https://localhost:44345/subscription-checkout?sessionid=sub_1PLanbDhgP60CL9xX45ggrUT&id=vmAqoq7OIY69JEgk";"silver";"sub_1PLanbDhgP60CL9xX45ggrUT";"1";"2024-05-29 00:56:12";"2024-05-29 00:55:28"
"24d8068f-1b80-11ef-99ce-0af7a01f52e9";"cf35094a-ad64-41dd-9f2d-32cbc942aaed";"D52K9XV9VJkgllgg";"NONE";"guest";"NONE";"1";"2024-05-26 16:51:05";"2024-05-26 16:51:05"
"25f7da75-2211-11ef-99ce-0af7a01f52e9";"bcb2aebb-60ab-4eb2-aba9-11618ea8b3ea";"mJfcophYb0rxQpwb";"https://localhost:44345/subscription-checkout?sessionid=sub_1PNm6gDhgP60CL9xxvtLlvDZ&id=mJfcophYb0rxQpwb";"silver";"sub_1PNm6gDhgP60CL9xxvtLlvDZ";"0";"";"2024-06-04 01:24:11"
"266cc017-0bc4-11ef-99ce-0af7a01f52e9";"cf35094a-ad64-41dd-9f2d-32cbc942aaed";"c6Zf2G7MXrRWKu4C";"NONE";"guest";"NONE";"1";"2024-05-06 16:17:35";"2024-05-06 16:17:35"
"2902ea8c-1b7f-11ef-99ce-0af7a01f52e9";"cf35094a-ad64-41dd-9f2d-32cbc942aaed";"Msvtst9a280eQSNo";"NONE";"guest";"NONE";"1";"2024-05-26 16:44:03";"2024-05-26 16:44:03"
"2c1eb13a-546a-11ef-99ce-0af7a01f52e9";"cf35094a-ad64-41dd-9f2d-32cbc942aaed";"DN3UQGbLm67ofCGD";"http://api.legallead.co/subscription-checkout?sessionid=sub_1Pl0DgDhgP60CL9xxLVpUP4a&id=DN3UQGbLm67ofCGD";"gold";"sub_1Pl0DgDhgP60CL9xxLVpUP4a";"0";"";"2024-08-07 03:07:25"
"2c27a044-5c11-11ef-99ce-0af7a01f52e9";"cf35094a-ad64-41dd-9f2d-32cbc942aaed";"hsOBW8xB1BOhoehg";"NONE";"guest";"NONE";"1";"2024-08-16 20:50:29";"2024-08-16 20:50:29"
"2c490350-1fe3-11ef-99ce-0af7a01f52e9";"cf35094a-ad64-41dd-9f2d-32cbc942aaed";"vsDa4wEyzEmPotea";"NONE";"guest";"NONE";"1";"2024-06-01 06:50:03";"2024-06-01 06:50:03"
"2c6670f1-0bb3-11ef-99ce-0af7a01f52e9";"cf35094a-ad64-41dd-9f2d-32cbc942aaed";"N66qq47kiFfn9Cyw";"NONE";"guest";"NONE";"1";"2024-05-06 14:16:04";"2024-05-06 14:16:04"
"2d289189-2293-11ef-99ce-0af7a01f52e9";"cf35094a-ad64-41dd-9f2d-32cbc942aaed";"0iUO3ZotoO6rUOoP";"NONE";"guest";"NONE";"1";"2024-06-04 16:54:58";"2024-06-04 16:54:58"
"2d7d1a12-1d28-11ef-99ce-0af7a01f52e9";"cf35094a-ad64-41dd-9f2d-32cbc942aaed";"AmL9pWsjdohG8VFR";"http://api.legallead.co/subscription-checkout?sessionid=sub_1PLVfBDhgP60CL9xExc5OdDQ&id=AmL9pWsjdohG8VFR";"gold";"sub_1PLVfBDhgP60CL9xExc5OdDQ";"0";"";"2024-05-28 19:26:27"
"2ef5c306-545f-11ef-99ce-0af7a01f52e9";"cf35094a-ad64-41dd-9f2d-32cbc942aaed";"rZLgJOfGNqbmcxpa";"http://api.legallead.co/subscription-checkout?sessionid=sub_1PkyzYDhgP60CL9xAl6O7oI3&id=rZLgJOfGNqbmcxpa";"platinum";"sub_1PkyzYDhgP60CL9xAl6O7oI3";"1";"2024-08-07 01:51:08";"2024-08-07 01:48:45"
"307ccd66-e23d-11ee-b616-0af7a01f52e9";"cf35094a-ad64-41dd-9f2d-32cbc942aaed";"04ZNq2E075ayV3gf";"https://localhost:44345/subscription-checkout?sessionid=sub_1OuKPnDhgP60CL9xaPRjXGMB&id=04ZNq2E075ayV3gf";"silver";"sub_1OuKPnDhgP60CL9xaPRjXGMB";"0";"";"2024-03-14 19:58:12"
"30ee4c06-59d0-11ef-99ce-0af7a01f52e9";"cf35094a-ad64-41dd-9f2d-32cbc942aaed";"hIzMImN7aqPUTWvZ";"NONE";"guest";"NONE";"1";"2024-08-14 00:00:18";"2024-08-14 00:00:18"
"310af267-e2d3-11ee-b616-0af7a01f52e9";"cf35094a-ad64-41dd-9f2d-32cbc942aaed";"RYZpwrnA2Nlf56b6";"https://localhost:44345/subscription-checkout?sessionid=sub_1OubAnDhgP60CL9xF66XqnSg&id=RYZpwrnA2Nlf56b6";"silver";"sub_1OubAnDhgP60CL9xF66XqnSg";"0";"";"2024-03-15 13:51:58"
"31924da6-e46f-11ee-b616-0af7a01f52e9";"cf35094a-ad64-41dd-9f2d-32cbc942aaed";"ryRoetoBLE4oNnZk";"https://localhost:44345/subscription-checkout?sessionid=sub_1OvLD0DhgP60CL9x9lS9tBie&id=ryRoetoBLE4oNnZk";"platinum";"sub_1OvLD0DhgP60CL9x9lS9tBie";"1";"2024-03-17 15:02:11";"2024-03-17 15:01:11"
"348c0320-1dfb-11ef-99ce-0af7a01f52e9";"cf35094a-ad64-41dd-9f2d-32cbc942aaed";"UOeugzq9WDuQ5JEc";"NONE";"guest";"NONE";"1";"2024-05-29 20:37:02";"2024-05-29 20:37:02"
"35766e0e-0c08-11ef-99ce-0af7a01f52e9";"cf35094a-ad64-41dd-9f2d-32cbc942aaed";"ELF4OS46kidbgdG3";"NONE";"guest";"NONE";"1";"2024-05-07 00:24:46";"2024-05-07 00:24:46"
"38989b32-1e1b-11ef-99ce-0af7a01f52e9";"cf35094a-ad64-41dd-9f2d-32cbc942aaed";"n6OQoThzXH4hzwBr";"NONE";"guest";"NONE";"1";"2024-05-30 00:26:13";"2024-05-30 00:26:13"
"389d9c6f-e2d5-11ee-b616-0af7a01f52e9";"cf35094a-ad64-41dd-9f2d-32cbc942aaed";"nqemWQ6OKLCtzR2g";"https://localhost:44345/subscription-checkout?sessionid=sub_1OubOyDhgP60CL9xlWzFdfLj&id=nqemWQ6OKLCtzR2g";"silver";"sub_1OubOyDhgP60CL9xlWzFdfLj";"0";"";"2024-03-15 14:06:30"
"39e515b3-0cbe-11ef-99ce-0af7a01f52e9";"cf35094a-ad64-41dd-9f2d-32cbc942aaed";"hfRZoBbvZXWhPpQF";"NONE";"guest";"NONE";"1";"2024-05-07 22:07:42";"2024-05-07 22:07:42"
"3a7b1e07-0bb7-11ef-99ce-0af7a01f52e9";"cf35094a-ad64-41dd-9f2d-32cbc942aaed";"qbdFewTGJTjZyFcV";"NONE";"guest";"NONE";"1";"2024-05-06 14:45:05";"2024-05-06 14:45:05"
"3c702e9f-5454-11ef-99ce-0af7a01f52e9";"cf35094a-ad64-41dd-9f2d-32cbc942aaed";"QsyQO2d8704w406E";"http://api.legallead.co/subscription-checkout?sessionid=sub_1PkxliDhgP60CL9xpYr9sX7u&id=QsyQO2d8704w406E";"gold";"sub_1PkxliDhgP60CL9xpYr9sX7u";"0";"";"2024-08-07 00:30:23"
"3d7fe9d2-25df-11ef-99ce-0af7a01f52e9";"cf35094a-ad64-41dd-9f2d-32cbc942aaed";"5vVTPOyRbEbape2U";"NONE";"guest";"NONE";"1";"2024-06-08 21:37:01";"2024-06-08 21:37:01"
"3d8d81b8-e78f-11ee-b616-0af7a01f52e9";"cf35094a-ad64-41dd-9f2d-32cbc942aaed";"qwoqeSM24ZQXodnb";"https://localhost:44345/subscription-checkout?sessionid=sub_1OwmbDDhgP60CL9x0oENOZkj&id=qwoqeSM24ZQXodnb";"platinum";"sub_1OwmbDDhgP60CL9x0oENOZkj";"0";"";"2024-03-21 14:28:09"
"3e2b1a49-3c06-11ef-99ce-0af7a01f52e9";"cf35094a-ad64-41dd-9f2d-32cbc942aaed";"iw5AnLfXPtPgopTU";"NONE";"guest";"NONE";"1";"2024-07-07 02:11:38";"2024-07-07 02:11:38"
"3fe3a15b-a485-11ef-99ce-0af7a01f52e9";"cf35094a-ad64-41dd-9f2d-32cbc942aaed";"l4QrF0jDFHSxq86q";"NONE";"guest";"NONE";"1";"2024-11-17 01:42:48";"2024-11-17 01:42:48"
"4031633f-0bd1-11ef-99ce-0af7a01f52e9";"cf35094a-ad64-41dd-9f2d-32cbc942aaed";"2yPZf0AXogEDTRQz";"NONE";"guest";"NONE";"1";"2024-05-06 17:51:22";"2024-05-06 17:51:22"
"4252a2a2-5459-11ef-99ce-0af7a01f52e9";"cf35094a-ad64-41dd-9f2d-32cbc942aaed";"OZ6l8a2g1lOE72Qu";"http://api.legallead.co/subscription-checkout?sessionid=sub_1PkyKWDhgP60CL9xQUjuklL0&id=OZ6l8a2g1lOE72Qu";"gold";"sub_1PkyKWDhgP60CL9xQUjuklL0";"0";"";"2024-08-07 01:06:21"
"42875598-1dfa-11ef-99ce-0af7a01f52e9";"cf35094a-ad64-41dd-9f2d-32cbc942aaed";"s2pEp0dDwsgOF5kC";"NONE";"guest";"NONE";"1";"2024-05-29 20:30:16";"2024-05-29 20:30:16"
"44d8950d-2292-11ef-99ce-0af7a01f52e9";"cf35094a-ad64-41dd-9f2d-32cbc942aaed";"BAGIeuUlXcotaXGh";"NONE";"guest";"NONE";"1";"2024-06-04 16:48:28";"2024-06-04 16:48:28"
"465706db-546c-11ef-99ce-0af7a01f52e9";"cf35094a-ad64-41dd-9f2d-32cbc942aaed";"ztTVABDBmypgmoNr";"http://api.legallead.co/subscription-checkout?sessionid=sub_1Pl0SFDhgP60CL9xpZaGdOnx&id=ztTVABDBmypgmoNr";"gold";"sub_1Pl0SFDhgP60CL9xpZaGdOnx";"0";"";"2024-08-07 03:22:28"
"465d0020-545e-11ef-99ce-0af7a01f52e9";"cf35094a-ad64-41dd-9f2d-32cbc942aaed";"GkDGB5qddlTcPxNI";"http://api.legallead.co/subscription-checkout?sessionid=sub_1PkytGDhgP60CL9xdHpxVFww&id=GkDGB5qddlTcPxNI";"gold";"sub_1PkytGDhgP60CL9xdHpxVFww";"0";"";"2024-08-07 01:42:15"
"4676ffda-2294-11ef-99ce-0af7a01f52e9";"cf35094a-ad64-41dd-9f2d-32cbc942aaed";"Ezw5nO83rAzaeNtx";"NONE";"guest";"NONE";"1";"2024-06-04 17:02:50";"2024-06-04 17:02:50"
"4744412c-1d36-11ef-99ce-0af7a01f52e9";"cf35094a-ad64-41dd-9f2d-32cbc942aaed";"YU1J0hujT51IDAMU";"NONE";"guest";"NONE";"1";"2024-05-28 21:07:23";"2024-05-28 21:07:23"
"480f62c0-f502-11ee-b616-0af7a01f52e9";"cf35094a-ad64-41dd-9f2d-32cbc942aaed";"7iInHw5uumo8719W";"NONE";"guest";"NONE";"1";"2024-04-07 17:14:24";"2024-04-07 17:14:24"
"4b2ea263-8f4e-11ef-99ce-0af7a01f52e9";"e1b91d0d-bfd1-47d5-93cb-95e407e12feb";"pois2G849qyrxboH";"http://api.legallead.co/subscription-checkout?sessionid=sub_1QCAhUDhgP60CL9xHbHCMEmF&id=pois2G849qyrxboH";"platinum";"sub_1QCAhUDhgP60CL9xHbHCMEmF";"0";"";"2024-10-21 01:46:30"
"4c592b07-5469-11ef-99ce-0af7a01f52e9";"cf35094a-ad64-41dd-9f2d-32cbc942aaed";"PcwcMOcOxrrFxcjL";"http://api.legallead.co/subscription-checkout?sessionid=sub_1Pl07cDhgP60CL9xu1RYf9DY&id=PcwcMOcOxrrFxcjL";"gold";"sub_1Pl07cDhgP60CL9xu1RYf9DY";"0";"";"2024-08-07 03:01:10"
"4caba93f-0bab-11ef-99ce-0af7a01f52e9";"cf35094a-ad64-41dd-9f2d-32cbc942aaed";"eevsKcsWJDNFY2PE";"NONE";"guest";"NONE";"1";"2024-05-06 13:19:42";"2024-05-06 13:19:42"
"4e340be6-1dfa-11ef-99ce-0af7a01f52e9";"cf35094a-ad64-41dd-9f2d-32cbc942aaed";"ivsHOVcWT1Fvo8BK";"NONE";"guest";"NONE";"1";"2024-05-29 20:30:36";"2024-05-29 20:30:36"
"4f0d8ff3-220a-11ef-99ce-0af7a01f52e9";"cf35094a-ad64-41dd-9f2d-32cbc942aaed";"gqB9KGv4fvlApWnD";"NONE";"guest";"NONE";"1";"2024-06-04 00:35:14";"2024-06-04 00:35:14"
"4f353cc2-0bb1-11ef-99ce-0af7a01f52e9";"cf35094a-ad64-41dd-9f2d-32cbc942aaed";"q7ZOT8UzrlGorwxA";"NONE";"guest";"NONE";"1";"2024-05-06 14:02:43";"2024-05-06 14:02:43"
"4fe99a9d-220b-11ef-99ce-0af7a01f52e9";"bcb2aebb-60ab-4eb2-aba9-11618ea8b3ea";"bLSRhYUidkh6wDo6";"https://localhost:44345/subscription-checkout?sessionid=sub_1PNlSFDhgP60CL9xwpiQrkib&id=bLSRhYUidkh6wDo6";"silver";"sub_1PNlSFDhgP60CL9xwpiQrkib";"0";"";"2024-06-04 00:42:25"
"50b7b67a-f483-11ee-b616-0af7a01f52e9";"cf35094a-ad64-41dd-9f2d-32cbc942aaed";"OKvFmF5qdLHmIPto";"NONE";"guest";"NONE";"1";"2024-04-07 02:05:32";"2024-04-07 02:05:32"
"51224d5b-220e-11ef-99ce-0af7a01f52e9";"bcb2aebb-60ab-4eb2-aba9-11618ea8b3ea";"Sq5A4G2PC3A5iNE0";"https://localhost:44345/subscription-checkout?sessionid=sub_1PNln4DhgP60CL9xMU0eEcMH&id=Sq5A4G2PC3A5iNE0";"silver";"sub_1PNln4DhgP60CL9xMU0eEcMH";"0";"";"2024-06-04 01:03:55"
"5194bbdf-25de-11ef-99ce-0af7a01f52e9";"cf35094a-ad64-41dd-9f2d-32cbc942aaed";"rUTtPHzc14ui6Yoo";"NONE";"guest";"NONE";"1";"2024-06-08 21:30:25";"2024-06-08 21:30:25"
"52994402-1d59-11ef-99ce-0af7a01f52e9";"cf35094a-ad64-41dd-9f2d-32cbc942aaed";"POPyYcLNGjc5Eu1Z";"https://localhost:44345/subscription-checkout?sessionid=sub_1PLb9cDhgP60CL9xRImHY0KS&id=POPyYcLNGjc5Eu1Z";"platinum";"sub_1PLb9cDhgP60CL9xRImHY0KS";"0";"";"2024-05-29 01:18:14"
"54679bd8-1d66-11ef-99ce-0af7a01f52e9";"cf35094a-ad64-41dd-9f2d-32cbc942aaed";"8VQIDKlY0q0pWhbs";"ERROR";"gold";"00000000-0000-0000-0000-000000000000";"0";"";"2024-05-29 02:51:21"
"550cb73c-0c09-11ef-99ce-0af7a01f52e9";"cf35094a-ad64-41dd-9f2d-32cbc942aaed";"DwgOcBqeF1PDp8of";"NONE";"guest";"NONE";"1";"2024-05-07 00:32:49";"2024-05-07 00:32:49"
"5667b393-0bb2-11ef-99ce-0af7a01f52e9";"cf35094a-ad64-41dd-9f2d-32cbc942aaed";"06JgPV1yy6keOnN2";"NONE";"guest";"NONE";"1";"2024-05-06 14:10:05";"2024-05-06 14:10:05"
"5747b1b5-e2d4-11ee-b616-0af7a01f52e9";"cf35094a-ad64-41dd-9f2d-32cbc942aaed";"JndzgpSqOiSXpjdC";"https://localhost:44345/subscription-checkout?sessionid=sub_1OubIsDhgP60CL9xvg96z27v&id=JndzgpSqOiSXpjdC";"silver";"sub_1OubIsDhgP60CL9xvg96z27v";"0";"";"2024-03-15 14:00:12"
"575dafdf-2854-11ef-99ce-0af7a01f52e9";"cf35094a-ad64-41dd-9f2d-32cbc942aaed";"WN0DaTPANrFVbBhO";"NONE";"guest";"NONE";"1";"2024-06-12 00:40:17";"2024-06-12 00:40:17"
"57caab6f-0c0c-11ef-99ce-0af7a01f52e9";"cf35094a-ad64-41dd-9f2d-32cbc942aaed";"KdqbYKKEbtqQFeUd";"NONE";"guest";"NONE";"1";"2024-05-07 00:54:22";"2024-05-07 00:54:22"
"591796aa-1d57-11ef-99ce-0af7a01f52e9";"cf35094a-ad64-41dd-9f2d-32cbc942aaed";"ZE8FRhZuOFP9XjhK";"NONE";"guest";"NONE";"1";"2024-05-29 01:04:06";"2024-05-29 01:04:06"
"59aa6cb5-6b00-11ef-99ce-0af7a01f52e9";"cf35094a-ad64-41dd-9f2d-32cbc942aaed";"GYuk6abSvxUnLZ27";"NONE";"guest";"NONE";"1";"2024-09-04 20:57:52";"2024-09-04 20:57:52"
"5a7e3179-0bac-11ef-99ce-0af7a01f52e9";"cf35094a-ad64-41dd-9f2d-32cbc942aaed";"e2rcSvGGOKAAJc1Q";"NONE";"guest";"NONE";"1";"2024-05-06 13:27:15";"2024-05-06 13:27:15"
"5b2eea66-0bba-11ef-99ce-0af7a01f52e9";"cf35094a-ad64-41dd-9f2d-32cbc942aaed";"9SiYnNFv181Km17v";"NONE";"guest";"NONE";"1";"2024-05-06 15:07:29";"2024-05-06 15:07:29"
"5b3738d8-1df6-11ef-99ce-0af7a01f52e9";"cf35094a-ad64-41dd-9f2d-32cbc942aaed";"5ZX00HMtxyCVtWDt";"https://localhost:44345/subscription-checkout?sessionid=sub_1PLshSDhgP60CL9xaMxC3d64&id=5ZX00HMtxyCVtWDt";"gold";"sub_1PLshSDhgP60CL9xaMxC3d64";"1";"2024-05-29 20:03:06";"2024-05-29 20:02:20"
"5ba3907f-e633-11ee-b616-0af7a01f52e9";"cf35094a-ad64-41dd-9f2d-32cbc942aaed";"wcQtQ0WPAoEpRVif";"https://localhost:44345/subscription-checkout?sessionid=sub_1Ow9jJDhgP60CL9xhEpEzqY6&id=wcQtQ0WPAoEpRVif";"gold";"sub_1Ow9jJDhgP60CL9xhEpEzqY6";"1";"2024-03-19 20:59:00";"2024-03-19 20:57:55"
"5da6139a-1d54-11ef-99ce-0af7a01f52e9";"cf35094a-ad64-41dd-9f2d-32cbc942aaed";"HVZjaHjX45wjAKQ4";"ERROR";"gold";"00000000-0000-0000-0000-000000000000";"0";"";"2024-05-29 00:42:45"
"5fc9f122-54ed-11ef-99ce-0af7a01f52e9";"cf35094a-ad64-41dd-9f2d-32cbc942aaed";"kYDTe2c0lyny9Sz9";"http://api.legallead.co/subscription-checkout?sessionid=sub_1PlEsYDhgP60CL9xYndyVTVt&id=kYDTe2c0lyny9Sz9";"gold";"sub_1PlEsYDhgP60CL9xYndyVTVt";"1";"2024-08-07 18:47:41";"2024-08-07 18:46:36"
"6008649f-220e-11ef-99ce-0af7a01f52e9";"bcb2aebb-60ab-4eb2-aba9-11618ea8b3ea";"ngEU39PfKYGS3mvb";"https://localhost:44345/subscription-checkout?sessionid=sub_1PNlnTDhgP60CL9xqxskRgql&id=ngEU39PfKYGS3mvb";"silver";"sub_1PNlnTDhgP60CL9xqxskRgql";"0";"";"2024-06-04 01:04:20"
"602ca2ac-1b80-11ef-99ce-0af7a01f52e9";"cf35094a-ad64-41dd-9f2d-32cbc942aaed";"oUxVkusG14orWp5o";"NONE";"guest";"NONE";"1";"2024-05-26 16:52:45";"2024-05-26 16:52:45"
"60d6d2dc-1d52-11ef-99ce-0af7a01f52e9";"cf35094a-ad64-41dd-9f2d-32cbc942aaed";"PLTFYFK9RjZwrj8u";"https://localhost:44345/subscription-checkout?sessionid=sub_1PLaNWDhgP60CL9x01Ug4CFt&id=PLTFYFK9RjZwrj8u";"gold";"sub_1PLaNWDhgP60CL9x01Ug4CFt";"0";"";"2024-05-29 00:28:32"
"60d881f4-5458-11ef-99ce-0af7a01f52e9";"cf35094a-ad64-41dd-9f2d-32cbc942aaed";"TeST9Y6VDo2FFJlX";"http://api.legallead.co/subscription-checkout?sessionid=sub_1PkyEPDhgP60CL9xAswwcuJU&id=TeST9Y6VDo2FFJlX";"gold";"sub_1PkyEPDhgP60CL9xAswwcuJU";"0";"";"2024-08-07 01:00:03"
"611dab76-1d59-11ef-99ce-0af7a01f52e9";"cf35094a-ad64-41dd-9f2d-32cbc942aaed";"JP5Jxg0LwjabgOgi";"https://localhost:44345/subscription-checkout?sessionid=sub_1PLbA1DhgP60CL9xJF9cPZEG&id=JP5Jxg0LwjabgOgi";"platinum";"sub_1PLbA1DhgP60CL9xJF9cPZEG";"0";"";"2024-05-29 01:18:39"
"6123a0fa-f489-11ee-b616-0af7a01f52e9";"cf35094a-ad64-41dd-9f2d-32cbc942aaed";"7EuuZOf9ddaso63N";"NONE";"guest";"NONE";"1";"2024-04-07 02:48:57";"2024-04-07 02:48:57"
"650bcaec-1d56-11ef-99ce-0af7a01f52e9";"cf35094a-ad64-41dd-9f2d-32cbc942aaed";"V4yGhNE5GQwh5NAa";"https://localhost:44345/subscription-checkout?sessionid=sub_1PLapLDhgP60CL9xhVkHm3Ir&id=V4yGhNE5GQwh5NAa";"gold";"sub_1PLapLDhgP60CL9xhVkHm3Ir";"1";"2024-05-29 00:58:13";"2024-05-29 00:57:17"
"66825414-5eff-11ef-99ce-0af7a01f52e9";"cf35094a-ad64-41dd-9f2d-32cbc942aaed";"TGXhKGvHvsgyNa1l";"NONE";"guest";"NONE";"1";"2024-08-20 14:20:50";"2024-08-20 14:20:50"
"6708fd7a-1d57-11ef-99ce-0af7a01f52e9";"cf35094a-ad64-41dd-9f2d-32cbc942aaed";"Gq7hwhA5puR5fH1j";"NONE";"guest";"NONE";"1";"2024-05-29 01:04:29";"2024-05-29 01:04:29"
"68c1d824-543e-11ef-99ce-0af7a01f52e9";"cf35094a-ad64-41dd-9f2d-32cbc942aaed";"iLHL9qHc5OULpHUO";"http://api.legallead.co/subscription-checkout?sessionid=sub_1PkvKVDhgP60CL9xpnV9AsgD&id=iLHL9qHc5OULpHUO";"gold";"sub_1PkvKVDhgP60CL9xpnV9AsgD";"0";"";"2024-08-06 21:54:09"
"6b043ecc-2d0c-11ef-99ce-0af7a01f52e9";"cf35094a-ad64-41dd-9f2d-32cbc942aaed";"BawVrPIV8G14XeOs";"NONE";"guest";"NONE";"1";"2024-06-18 00:48:03";"2024-06-18 00:48:03"
"6fbf566d-1e00-11ef-99ce-0af7a01f52e9";"cf35094a-ad64-41dd-9f2d-32cbc942aaed";"HYcd8LOzOSno3O4R";"https://localhost:44345/subscription-checkout?sessionid=sub_1PLtpHDhgP60CL9xiU9eJ12Q&id=HYcd8LOzOSno3O4R";"platinum";"sub_1PLtpHDhgP60CL9xiU9eJ12Q";"0";"";"2024-05-29 21:14:29"
"6fc1f477-3c01-11ef-99ce-0af7a01f52e9";"cf35094a-ad64-41dd-9f2d-32cbc942aaed";"0cuoTAtP0nGqOLHo";"NONE";"guest";"NONE";"1";"2024-07-07 01:37:13";"2024-07-07 01:37:13"
"71c12ea2-228d-11ef-99ce-0af7a01f52e9";"cf35094a-ad64-41dd-9f2d-32cbc942aaed";"c0lzy4YousIGJJjo";"NONE";"guest";"NONE";"1";"2024-06-04 16:13:56";"2024-06-04 16:13:56"
"7231284e-5068-11ef-99ce-0af7a01f52e9";"cf35094a-ad64-41dd-9f2d-32cbc942aaed";"DZxSmPDYiiCg9orh";"http://api.legallead.co/subscription-checkout?sessionid=sub_1Pj9c5DhgP60CL9xGitYJd7c&id=DZxSmPDYiiCg9orh";"gold";"sub_1Pj9c5DhgP60CL9xGitYJd7c";"0";"";"2024-08-02 00:44:59"
"723a5305-f482-11ee-b616-0af7a01f52e9";"cf35094a-ad64-41dd-9f2d-32cbc942aaed";"4nSPndj1q7n3CmyB";"NONE";"guest";"NONE";"1";"2024-04-07 01:59:19";"2024-04-07 01:59:19"
"734b5d93-5469-11ef-99ce-0af7a01f52e9";"cf35094a-ad64-41dd-9f2d-32cbc942aaed";"XMrCwqbGua8SHazI";"http://api.legallead.co/subscription-checkout?sessionid=sub_1Pl08gDhgP60CL9xQKv7C267&id=XMrCwqbGua8SHazI";"gold";"sub_1Pl08gDhgP60CL9xQKv7C267";"0";"";"2024-08-07 03:02:15"
"7484e502-1f89-11ef-99ce-0af7a01f52e9";"cf35094a-ad64-41dd-9f2d-32cbc942aaed";"zP0BFNvBMzACU0dd";"NONE";"guest";"NONE";"1";"2024-05-31 20:07:49";"2024-05-31 20:07:49"
"7520a64c-1d57-11ef-99ce-0af7a01f52e9";"cf35094a-ad64-41dd-9f2d-32cbc942aaed";"OpzePP0XNZQ9G1iH";"NONE";"guest";"NONE";"1";"2024-05-29 01:04:53";"2024-05-29 01:04:53"
"75a3274d-e23c-11ee-b616-0af7a01f52e9";"cf35094a-ad64-41dd-9f2d-32cbc942aaed";"YPhxaOoK3yblkRMs";"https://localhost:44345/subscription-checkout?sessionid=sub_1OuKKYDhgP60CL9xFFHfNAyC&id=YPhxaOoK3yblkRMs";"silver";"sub_1OuKKYDhgP60CL9xFFHfNAyC";"0";"";"2024-03-14 19:52:59"
"766b056e-40b2-11ef-99ce-0af7a01f52e9";"cf35094a-ad64-41dd-9f2d-32cbc942aaed";"Ob4O2Jo2yZ0nN87O";"NONE";"guest";"NONE";"1";"2024-07-13 00:54:30";"2024-07-13 00:54:30"
"76da9be1-0dab-11ef-99ce-0af7a01f52e9";"cf35094a-ad64-41dd-9f2d-32cbc942aaed";"6fDpDPvT3H4mMpu5";"NONE";"guest";"NONE";"1";"2024-05-09 02:25:55";"2024-05-09 02:25:55"
"79184925-1dff-11ef-99ce-0af7a01f52e9";"cf35094a-ad64-41dd-9f2d-32cbc942aaed";"0Clr24pZcmJqc9fe";"NONE";"guest";"NONE";"1";"2024-05-29 21:07:35";"2024-05-29 21:07:35"
"7cf3fde3-e23d-11ee-b616-0af7a01f52e9";"cf35094a-ad64-41dd-9f2d-32cbc942aaed";"UOfwst2qWf89qU5K";"https://localhost:44345/subscription-checkout?sessionid=sub_1OuKRsDhgP60CL9xII02QOhf&id=UOfwst2qWf89qU5K";"silver";"sub_1OuKRsDhgP60CL9xII02QOhf";"0";"";"2024-03-14 20:00:21"
"7de3d5ff-0c0a-11ef-99ce-0af7a01f52e9";"cf35094a-ad64-41dd-9f2d-32cbc942aaed";"7psTlDV96bRz4fMB";"NONE";"guest";"NONE";"1";"2024-05-07 00:41:07";"2024-05-07 00:41:07"
"7def6222-e23c-11ee-b616-0af7a01f52e9";"cf35094a-ad64-41dd-9f2d-32cbc942aaed";"nEm5SEN3BaXc2Ldu";"https://localhost:44345/subscription-checkout?sessionid=sub_1OuKKyDhgP60CL9xLgWR4VIZ&id=nEm5SEN3BaXc2Ldu";"silver";"sub_1OuKKyDhgP60CL9xLgWR4VIZ";"0";"";"2024-03-14 19:53:13"
"7e8cd76e-0bac-11ef-99ce-0af7a01f52e9";"cf35094a-ad64-41dd-9f2d-32cbc942aaed";"SZI82l59VD7bQW46";"NONE";"guest";"NONE";"1";"2024-05-06 13:28:15";"2024-05-06 13:28:15"
"8027ce93-2291-11ef-99ce-0af7a01f52e9";"cf35094a-ad64-41dd-9f2d-32cbc942aaed";"xHChEHafqHm736BY";"NONE";"guest";"NONE";"1";"2024-06-04 16:42:58";"2024-06-04 16:42:58"
"814a7020-0cbc-11ef-99ce-0af7a01f52e9";"cf35094a-ad64-41dd-9f2d-32cbc942aaed";"2CGweUQE8RLYhEZG";"NONE";"guest";"NONE";"1";"2024-05-07 21:55:23";"2024-05-07 21:55:23"
"81947863-1d66-11ef-99ce-0af7a01f52e9";"cf35094a-ad64-41dd-9f2d-32cbc942aaed";"vBEOOiyvjLCgIYel";"https://localhost:44345/subscription-checkout?sessionid=sub_1PLccxDhgP60CL9xAEAiwJIM&id=vBEOOiyvjLCgIYel";"gold";"sub_1PLccxDhgP60CL9xAEAiwJIM";"0";"";"2024-05-29 02:52:36"
"81c7cc19-3c02-11ef-99ce-0af7a01f52e9";"cf35094a-ad64-41dd-9f2d-32cbc942aaed";"ltVuAo21obai39qk";"NONE";"guest";"NONE";"1";"2024-07-07 01:44:53";"2024-07-07 01:44:53"
"827a8104-1d54-11ef-99ce-0af7a01f52e9";"cf35094a-ad64-41dd-9f2d-32cbc942aaed";"5toSWrivAjaCC1FX";"https://localhost:44345/subscription-checkout?sessionid=sub_1PLacIDhgP60CL9xolOibudR&id=5toSWrivAjaCC1FX";"gold";"sub_1PLacIDhgP60CL9xolOibudR";"0";"";"2024-05-29 00:43:47"
"8351856b-1d60-11ef-99ce-0af7a01f52e9";"cf35094a-ad64-41dd-9f2d-32cbc942aaed";"8NFWpf77dtIvmU1t";"https://localhost:44345/subscription-checkout?sessionid=sub_1PLbxRDhgP60CL9x6SADv3VQ&id=8NFWpf77dtIvmU1t";"gold";"sub_1PLbxRDhgP60CL9x6SADv3VQ";"1";"2024-05-29 02:10:34";"2024-05-29 02:09:42"
"844df8ef-1f92-11ef-99ce-0af7a01f52e9";"cf35094a-ad64-41dd-9f2d-32cbc942aaed";"9wXacv9Okbbo7alj";"NONE";"guest";"NONE";"1";"2024-05-31 21:12:41";"2024-05-31 21:12:41"
"847623cc-0bb1-11ef-99ce-0af7a01f52e9";"cf35094a-ad64-41dd-9f2d-32cbc942aaed";"dO12Mjgow1aleNrP";"NONE";"guest";"NONE";"1";"2024-05-06 14:04:13";"2024-05-06 14:04:13"
"8523524e-54ee-11ef-99ce-0af7a01f52e9";"cf35094a-ad64-41dd-9f2d-32cbc942aaed";"Fz9b28dkjQW4jNQ4";"http://api.legallead.co/subscription-checkout?sessionid=sub_1PlF0UDhgP60CL9xO1z9Jt3b&id=Fz9b28dkjQW4jNQ4";"platinum";"sub_1PlF0UDhgP60CL9xO1z9Jt3b";"1";"2024-08-07 18:55:58";"2024-08-07 18:54:48"
"863efe5a-2292-11ef-99ce-0af7a01f52e9";"cf35094a-ad64-41dd-9f2d-32cbc942aaed";"4o6zoFwkfHneHskC";"NONE";"guest";"NONE";"1";"2024-06-04 16:50:18";"2024-06-04 16:50:18"
"867b576f-1d58-11ef-99ce-0af7a01f52e9";"cf35094a-ad64-41dd-9f2d-32cbc942aaed";"AipzHWHhDKA8DxX3";"https://localhost:44345/subscription-checkout?sessionid=sub_1PLb46DhgP60CL9xvdaVPRLG&id=AipzHWHhDKA8DxX3";"gold";"sub_1PLb46DhgP60CL9xvdaVPRLG";"0";"";"2024-05-29 01:12:32"
"87203bab-0dbb-11ef-99ce-0af7a01f52e9";"cf35094a-ad64-41dd-9f2d-32cbc942aaed";"GTSFEOkNvhQ5XQCL";"NONE";"guest";"NONE";"1";"2024-05-09 04:20:54";"2024-05-09 04:20:54"
"87c289ef-0baf-11ef-99ce-0af7a01f52e9";"cf35094a-ad64-41dd-9f2d-32cbc942aaed";"edb9arwCzbMIG5D7";"NONE";"guest";"NONE";"1";"2024-05-06 13:49:59";"2024-05-06 13:49:59"
"87ee94de-5439-11ef-99ce-0af7a01f52e9";"cf35094a-ad64-41dd-9f2d-32cbc942aaed";"uov0GmOOCgLDOwYZ";"NONE";"guest";"NONE";"1";"2024-08-06 21:19:14";"2024-08-06 21:19:14"
"8946670e-a484-11ef-99ce-0af7a01f52e9";"cf35094a-ad64-41dd-9f2d-32cbc942aaed";"Yj7gOCXTr5Co51oW";"NONE";"guest";"NONE";"1";"2024-11-17 01:37:41";"2024-11-17 01:37:41"
"89c722a7-54cb-11ef-99ce-0af7a01f52e9";"cf35094a-ad64-41dd-9f2d-32cbc942aaed";"qaf3c3ONOq6o0Tit";"http://api.legallead.co/subscription-checkout?sessionid=sub_1PlB6ADhgP60CL9xx20KIfmo&id=qaf3c3ONOq6o0Tit";"gold";"sub_1PlB6ADhgP60CL9xx20KIfmo";"0";"";"2024-08-07 14:44:23"
"8a669a4d-543f-11ef-99ce-0af7a01f52e9";"cf35094a-ad64-41dd-9f2d-32cbc942aaed";"Hosv4Cy1R9Ta4NYR";"http://api.legallead.co/subscription-checkout?sessionid=sub_1PkvSMDhgP60CL9xvQ7C53Y9&id=Hosv4Cy1R9Ta4NYR";"gold";"sub_1PkvSMDhgP60CL9xvQ7C53Y9";"0";"";"2024-08-06 22:02:15"
"8c9e5317-1d41-11ef-99ce-0af7a01f52e9";"cf35094a-ad64-41dd-9f2d-32cbc942aaed";"ooujaDjhSWt41RrO";"https://localhost:44345/subscription-checkout?sessionid=sub_1PLYUwDhgP60CL9xgoBNBTGo&id=ooujaDjhSWt41RrO";"silver";"sub_1PLYUwDhgP60CL9xgoBNBTGo";"0";"";"2024-05-28 22:28:04"
"8d69b647-5455-11ef-99ce-0af7a01f52e9";"cf35094a-ad64-41dd-9f2d-32cbc942aaed";"q9cOScdCOylPOEtK";"http://api.legallead.co/subscription-checkout?sessionid=sub_1PkxuqDhgP60CL9xuwfSTXy3&id=q9cOScdCOylPOEtK";"gold";"sub_1PkxuqDhgP60CL9xuwfSTXy3";"0";"";"2024-08-07 00:39:49"
"8dcc4734-25da-11ef-99ce-0af7a01f52e9";"cf35094a-ad64-41dd-9f2d-32cbc942aaed";"sq4tFj9IzRqoC93V";"NONE";"guest";"NONE";"1";"2024-06-08 21:03:28";"2024-06-08 21:03:28"
"8f5c57eb-faa2-11ee-b616-0af7a01f52e9";"cf35094a-ad64-41dd-9f2d-32cbc942aaed";"F8pbAEfnklOmADhr";"NONE";"guest";"NONE";"1";"2024-04-14 21:04:19";"2024-04-14 21:04:19"
"90a24974-f483-11ee-b616-0af7a01f52e9";"cf35094a-ad64-41dd-9f2d-32cbc942aaed";"yDzlFKLeLmZ7apj1";"NONE";"guest";"NONE";"1";"2024-04-07 02:07:19";"2024-04-07 02:07:19"
"94b583fc-f482-11ee-b616-0af7a01f52e9";"cf35094a-ad64-41dd-9f2d-32cbc942aaed";"HWrlOXCS4YHmMAus";"NONE";"guest";"NONE";"1";"2024-04-07 02:00:17";"2024-04-07 02:00:17"
"962d368b-6b87-11ef-99ce-0af7a01f52e9";"cf35094a-ad64-41dd-9f2d-32cbc942aaed";"EG54KRGI3NGQQcLc";"NONE";"guest";"NONE";"1";"2024-09-05 13:05:55";"2024-09-05 13:05:55"
"97064864-546b-11ef-99ce-0af7a01f52e9";"cf35094a-ad64-41dd-9f2d-32cbc942aaed";"aayYLlNKbsaf0HpG";"http://api.legallead.co/subscription-checkout?sessionid=sub_1Pl0NVDhgP60CL9xIPqcffwH&id=aayYLlNKbsaf0HpG";"gold";"sub_1Pl0NVDhgP60CL9xIPqcffwH";"0";"";"2024-08-07 03:17:34"
"972b7865-0c0c-11ef-99ce-0af7a01f52e9";"cf35094a-ad64-41dd-9f2d-32cbc942aaed";"bxD4IoNwAIHyAbow";"NONE";"guest";"NONE";"1";"2024-05-07 00:56:08";"2024-05-07 00:56:08"
"97f8c1a6-1d66-11ef-99ce-0af7a01f52e9";"cf35094a-ad64-41dd-9f2d-32cbc942aaed";"WBWil3HoYjrOIOs0";"https://localhost:44345/subscription-checkout?sessionid=sub_1PLcdYDhgP60CL9xzCMHOrAi&id=WBWil3HoYjrOIOs0";"gold";"sub_1PLcdYDhgP60CL9xzCMHOrAi";"0";"";"2024-05-29 02:53:14"
"98122bff-0bb7-11ef-99ce-0af7a01f52e9";"cf35094a-ad64-41dd-9f2d-32cbc942aaed";"OqsZ0I5JpdK6z76u";"NONE";"guest";"NONE";"1";"2024-05-06 14:47:43";"2024-05-06 14:47:43"
"98689152-1d58-11ef-99ce-0af7a01f52e9";"cf35094a-ad64-41dd-9f2d-32cbc942aaed";"xB0gcrB7Y6GE3Kjo";"https://localhost:44345/subscription-checkout?sessionid=sub_1PLb4aDhgP60CL9xOLKpelo6&id=xB0gcrB7Y6GE3Kjo";"gold";"sub_1PLb4aDhgP60CL9xOLKpelo6";"0";"";"2024-05-29 01:13:02"
"9b505e5c-2210-11ef-99ce-0af7a01f52e9";"bcb2aebb-60ab-4eb2-aba9-11618ea8b3ea";"CRe12YO5BqyWbRcb";"https://localhost:44345/subscription-checkout?sessionid=sub_1PNm2vDhgP60CL9xufjBrPsO&id=CRe12YO5BqyWbRcb";"silver";"sub_1PNm2vDhgP60CL9xufjBrPsO";"0";"";"2024-06-04 01:20:19"
"9b997645-5fc7-11ef-99ce-0af7a01f52e9";"cf35094a-ad64-41dd-9f2d-32cbc942aaed";"FHovRnq0j4X3FesV";"NONE";"guest";"NONE";"1";"2024-08-21 14:13:58";"2024-08-21 14:13:58"
"9c8cd26f-5458-11ef-99ce-0af7a01f52e9";"cf35094a-ad64-41dd-9f2d-32cbc942aaed";"s1SNXTIqRXZDOCNV";"http://api.legallead.co/subscription-checkout?sessionid=sub_1PkyG1DhgP60CL9x4E1jdjGx&id=s1SNXTIqRXZDOCNV";"gold";"sub_1PkyG1DhgP60CL9x4E1jdjGx";"0";"";"2024-08-07 01:01:43"
"9c950d16-2294-11ef-99ce-0af7a01f52e9";"cf35094a-ad64-41dd-9f2d-32cbc942aaed";"9nxM9PdVYoN4lQ6E";"NONE";"guest";"NONE";"1";"2024-06-04 17:05:14";"2024-06-04 17:05:14"
"9d14721f-543e-11ef-99ce-0af7a01f52e9";"cf35094a-ad64-41dd-9f2d-32cbc942aaed";"ggDcrXOfk5Zg1EQa";"http://api.legallead.co/subscription-checkout?sessionid=sub_1PkvLvDhgP60CL9x9lxWaEH1&id=ggDcrXOfk5Zg1EQa";"gold";"sub_1PkvLvDhgP60CL9x9lxWaEH1";"0";"";"2024-08-06 21:55:37"
"9dede993-0bc1-11ef-99ce-0af7a01f52e9";"cf35094a-ad64-41dd-9f2d-32cbc942aaed";"74MDjN81tbsgWwDa";"NONE";"guest";"NONE";"1";"2024-05-06 15:59:27";"2024-05-06 15:59:27"
"9f73ea17-6bf4-11ef-99ce-0af7a01f52e9";"cf35094a-ad64-41dd-9f2d-32cbc942aaed";"VEeEoPOhY8zakUv3";"NONE";"guest";"NONE";"1";"2024-09-06 02:06:26";"2024-09-06 02:06:26"
"a1317377-e0ae-11ee-b616-0af7a01f52e9";"cf35094a-ad64-41dd-9f2d-32cbc942aaed";"";"https://checkout.stripe.com/c/pay/cs_test_a13ediJvJ8pGc81Z4rBNobVaXvg1NtuLuK7kq9aULxD7dE126gMVtQR8ev#fidkdWxOYHwnPyd1blpxYHZxWjA0SUZfcGZBbWJVMzVGSTx9R0tEcUBIR2FCSmFfQkhNM0p0an18VmlCMUZ1bz1kSFFLXFN%2FcTNVMFc3QnFBQF9sR1Nra1B2SUlRYkBQZGE8d1ZicWM3NHdwNTVRTU53Z";"silver";"cs_test_a13ediJvJ8pGc81Z4rBNobVaXvg1NtuLuK7kq9aULxD7dE126gMVtQR8ev";"0";"";"2024-03-12 20:25:12"
"a1a79ba7-e46e-11ee-b616-0af7a01f52e9";"cf35094a-ad64-41dd-9f2d-32cbc942aaed";"EbqOj68Je6zd5zVk";"https://localhost:44345/subscription-checkout?sessionid=sub_1OvL97DhgP60CL9xqTNxtFPC&id=EbqOj68Je6zd5zVk";"platinum";"sub_1OvL97DhgP60CL9xqTNxtFPC";"1";"2024-03-17 15:00:38";"2024-03-17 14:57:10"
"a2c02e7e-0bd0-11ef-99ce-0af7a01f52e9";"cf35094a-ad64-41dd-9f2d-32cbc942aaed";"XjFSDO8cyBPhDWfX";"NONE";"guest";"NONE";"1";"2024-05-06 17:46:58";"2024-05-06 17:46:58"
"a2ef6130-1d61-11ef-99ce-0af7a01f52e9";"cf35094a-ad64-41dd-9f2d-32cbc942aaed";"BhB5EUGz3GL59o6S";"https://localhost:44345/subscription-checkout?sessionid=sub_1PLc5DDhgP60CL9xPFfS9E0J&id=BhB5EUGz3GL59o6S";"platinum";"sub_1PLc5DDhgP60CL9xPFfS9E0J";"0";"";"2024-05-29 02:17:45"
"a30bd59f-220f-11ef-99ce-0af7a01f52e9";"bcb2aebb-60ab-4eb2-aba9-11618ea8b3ea";"Lplky8viBg5moKLz";"https://localhost:44345/subscription-checkout?sessionid=sub_1PNlwDDhgP60CL9xqUX3nAdG&id=Lplky8viBg5moKLz";"silver";"sub_1PNlwDDhgP60CL9xqUX3nAdG";"0";"";"2024-06-04 01:13:22"
"a5765d27-1df4-11ef-99ce-0af7a01f52e9";"cf35094a-ad64-41dd-9f2d-32cbc942aaed";"J84OavLHpWdTO6gw";"https://localhost:44345/subscription-checkout?sessionid=sub_1PLsVbDhgP60CL9xJA1UzvAm&id=J84OavLHpWdTO6gw";"gold";"sub_1PLsVbDhgP60CL9xJA1UzvAm";"0";"";"2024-05-29 19:50:05"
"a67a7c8a-0c09-11ef-99ce-0af7a01f52e9";"cf35094a-ad64-41dd-9f2d-32cbc942aaed";"YDq6dOgeoxmqWmfS";"NONE";"guest";"NONE";"1";"2024-05-07 00:35:05";"2024-05-07 00:35:05"
"a6e12ef7-12c9-11ef-99ce-0af7a01f52e9";"cf35094a-ad64-41dd-9f2d-32cbc942aaed";"q0OJz2MuoOji1wB0";"NONE";"guest";"NONE";"1";"2024-05-15 14:44:36";"2024-05-15 14:44:36"
"a6f51b11-54ef-11ef-99ce-0af7a01f52e9";"cf35094a-ad64-41dd-9f2d-32cbc942aaed";"hiQGpWMPKfrMgebL";"http://api.legallead.co/subscription-checkout?sessionid=sub_1PlF8KDhgP60CL9xorCWDnC9&id=hiQGpWMPKfrMgebL";"gold";"sub_1PlF8KDhgP60CL9xorCWDnC9";"1";"2024-08-07 19:04:10";"2024-08-07 19:02:54"
"abd885f0-5068-11ef-99ce-0af7a01f52e9";"cf35094a-ad64-41dd-9f2d-32cbc942aaed";"wbRjgA0rOUAOtfoC";"http://api.legallead.co/subscription-checkout?sessionid=sub_1Pj9deDhgP60CL9xfxEpYBXC&id=wbRjgA0rOUAOtfoC";"gold";"sub_1Pj9deDhgP60CL9xfxEpYBXC";"0";"";"2024-08-02 00:46:36"
"ac13c009-1d58-11ef-99ce-0af7a01f52e9";"cf35094a-ad64-41dd-9f2d-32cbc942aaed";"QUZoAayXvZ1lNKip";"https://localhost:44345/subscription-checkout?sessionid=sub_1PLb57DhgP60CL9xB0lHGxJ3&id=QUZoAayXvZ1lNKip";"silver";"sub_1PLb57DhgP60CL9xB0lHGxJ3";"1";"2024-05-29 01:14:33";"2024-05-29 01:13:35"
"adad64b4-3c74-11ef-99ce-0af7a01f52e9";"cf35094a-ad64-41dd-9f2d-32cbc942aaed";"bfmYexSxamgAtt9P";"NONE";"guest";"NONE";"1";"2024-07-07 15:22:09";"2024-07-07 15:22:09"
"af984915-5441-11ef-99ce-0af7a01f52e9";"cf35094a-ad64-41dd-9f2d-32cbc942aaed";"XPoq7uNKIhn2KX9a";"http://api.legallead.co/subscription-checkout?sessionid=sub_1PkvhDDhgP60CL9xYE2x7zA3&id=XPoq7uNKIhn2KX9a";"gold";"sub_1PkvhDDhgP60CL9xYE2x7zA3";"0";"";"2024-08-06 22:17:36"
"afcb6e26-5454-11ef-99ce-0af7a01f52e9";"cf35094a-ad64-41dd-9f2d-32cbc942aaed";"3JFSNuBmooRK4R8n";"http://api.legallead.co/subscription-checkout?sessionid=sub_1PkxoqDhgP60CL9xc4oXDMSK&id=3JFSNuBmooRK4R8n";"gold";"sub_1PkxoqDhgP60CL9xc4oXDMSK";"0";"";"2024-08-07 00:33:37"
"afe2f8f2-f485-11ee-b616-0af7a01f52e9";"cf35094a-ad64-41dd-9f2d-32cbc942aaed";"nK5cl4RKIvCcGasr";"NONE";"guest";"NONE";"1";"2024-04-07 02:22:31";"2024-04-07 02:22:31"
"b08e1661-545e-11ef-99ce-0af7a01f52e9";"cf35094a-ad64-41dd-9f2d-32cbc942aaed";"lkub4EPrr8poPyE1";"http://api.legallead.co/subscription-checkout?sessionid=sub_1Pkyw8DhgP60CL9xHxQvFmut&id=lkub4EPrr8poPyE1";"gold";"sub_1Pkyw8DhgP60CL9xHxQvFmut";"0";"";"2024-08-07 01:45:13"
"b0e47cea-0bb2-11ef-99ce-0af7a01f52e9";"cf35094a-ad64-41dd-9f2d-32cbc942aaed";"4aCsegPsw8Ycxwax";"NONE";"guest";"NONE";"1";"2024-05-06 14:12:37";"2024-05-06 14:12:37"
"b194be1f-545d-11ef-99ce-0af7a01f52e9";"cf35094a-ad64-41dd-9f2d-32cbc942aaed";"K34f6knxhxgTmbrk";"http://api.legallead.co/subscription-checkout?sessionid=sub_1PkypEDhgP60CL9xk90LVPBe&id=K34f6knxhxgTmbrk";"gold";"sub_1PkypEDhgP60CL9xk90LVPBe";"0";"";"2024-08-07 01:38:05"
"b206546c-0bc1-11ef-99ce-0af7a01f52e9";"cf35094a-ad64-41dd-9f2d-32cbc942aaed";"gxWi5KH3qIkz2fnL";"NONE";"guest";"NONE";"1";"2024-05-06 16:00:01";"2024-05-06 16:00:01"
"b4c30724-1f84-11ef-99ce-0af7a01f52e9";"cf35094a-ad64-41dd-9f2d-32cbc942aaed";"g86YGGOyyIiOpQYV";"NONE";"guest";"NONE";"1";"2024-05-31 19:33:50";"2024-05-31 19:33:50"
"b711bb6b-220e-11ef-99ce-0af7a01f52e9";"bcb2aebb-60ab-4eb2-aba9-11618ea8b3ea";"QqgOZJUaQoF5N3Ha";"https://localhost:44345/subscription-checkout?sessionid=sub_1PNlppDhgP60CL9xqBiocaJ0&id=QqgOZJUaQoF5N3Ha";"silver";"sub_1PNlppDhgP60CL9xqBiocaJ0";"0";"";"2024-06-04 01:06:46"
"b77f217a-1d66-11ef-99ce-0af7a01f52e9";"cf35094a-ad64-41dd-9f2d-32cbc942aaed";"TTEMvcQioAVv76R5";"https://localhost:44345/subscription-checkout?sessionid=sub_1PLcePDhgP60CL9x31FY7YeY&id=TTEMvcQioAVv76R5";"gold";"sub_1PLcePDhgP60CL9x31FY7YeY";"0";"";"2024-05-29 02:54:07"
"b8aae013-1d61-11ef-99ce-0af7a01f52e9";"cf35094a-ad64-41dd-9f2d-32cbc942aaed";"6c9Dd1qJd49ONbcB";"https://localhost:44345/subscription-checkout?sessionid=sub_1PLc5oDhgP60CL9xfq0TNohZ&id=6c9Dd1qJd49ONbcB";"platinum";"sub_1PLc5oDhgP60CL9xfq0TNohZ";"0";"";"2024-05-29 02:18:21"
"b946f204-6b08-11ef-99ce-0af7a01f52e9";"cf35094a-ad64-41dd-9f2d-32cbc942aaed";"Biy8ZKOGA8O4uq2c";"NONE";"guest";"NONE";"1";"2024-09-04 21:57:48";"2024-09-04 21:57:48"
"b9546a7b-e2d7-11ee-b616-0af7a01f52e9";"cf35094a-ad64-41dd-9f2d-32cbc942aaed";"O9FJm8Vy8I6PfsLW";"https://localhost:44345/subscription-checkout?sessionid=sub_1OubgJDhgP60CL9xhIz37lIg&id=O9FJm8Vy8I6PfsLW";"silver";"sub_1OubgJDhgP60CL9xhIz37lIg";"0";"";"2024-03-15 14:24:25"
"bae07206-1e00-11ef-99ce-0af7a01f52e9";"cf35094a-ad64-41dd-9f2d-32cbc942aaed";"pETOsXXCUMdNIPSc";"https://localhost:44345/subscription-checkout?sessionid=sub_1PLtrJDhgP60CL9x8eWJy0U9&id=pETOsXXCUMdNIPSc";"platinum";"sub_1PLtrJDhgP60CL9x8eWJy0U9";"0";"";"2024-05-29 21:16:35"
"bb702f0c-0bad-11ef-99ce-0af7a01f52e9";"cf35094a-ad64-41dd-9f2d-32cbc942aaed";"bBdoks6uvd5VdIYK";"NONE";"guest";"NONE";"1";"2024-05-06 13:37:07";"2024-05-06 13:37:07"
"bb97de6b-220a-11ef-99ce-0af7a01f52e9";"bcb2aebb-60ab-4eb2-aba9-11618ea8b3ea";"4cFncOhZ7M02TIXa";"https://localhost:44345/subscription-checkout?sessionid=sub_1PNlOEDhgP60CL9xDiXx1a6b&id=4cFncOhZ7M02TIXa";"silver";"sub_1PNlOEDhgP60CL9xDiXx1a6b";"0";"";"2024-06-04 00:38:16"
"beedfa8f-0bba-11ef-99ce-0af7a01f52e9";"cf35094a-ad64-41dd-9f2d-32cbc942aaed";"vR0DRJ7ozG4RtFFQ";"NONE";"guest";"NONE";"1";"2024-05-06 15:10:16";"2024-05-06 15:10:16"
"bf0c46b9-0c08-11ef-99ce-0af7a01f52e9";"cf35094a-ad64-41dd-9f2d-32cbc942aaed";"eUHS8o4PMjuk3t8i";"NONE";"guest";"NONE";"1";"2024-05-07 00:28:37";"2024-05-07 00:28:37"
"bf7974a8-1d57-11ef-99ce-0af7a01f52e9";"cf35094a-ad64-41dd-9f2d-32cbc942aaed";"xpK8ta7iDasqU4gL";"https://localhost:44345/subscription-checkout?sessionid=sub_1PLayiDhgP60CL9xqEOchHfS&id=xpK8ta7iDasqU4gL";"platinum";"sub_1PLayiDhgP60CL9xqEOchHfS";"0";"";"2024-05-29 01:06:58"
"bfc91f32-2e76-11ef-99ce-0af7a01f52e9";"cf35094a-ad64-41dd-9f2d-32cbc942aaed";"qY2QbUuKrzUvQnoH";"NONE";"guest";"NONE";"1";"2024-06-19 20:01:43";"2024-06-19 20:01:43"
"c3c7e4a6-600b-11ef-99ce-0af7a01f52e9";"cf35094a-ad64-41dd-9f2d-32cbc942aaed";"CInwrFoZNgzJKYpF";"NONE";"guest";"NONE";"1";"2024-08-21 22:21:51";"2024-08-21 22:21:51"
"c3cbd067-1df0-11ef-99ce-0af7a01f52e9";"cf35094a-ad64-41dd-9f2d-32cbc942aaed";"U5seueUFtWcOqZS9";"NONE";"guest";"NONE";"1";"2024-05-29 19:22:18";"2024-05-29 19:22:18"
"c54d8e17-e46f-11ee-b616-0af7a01f52e9";"cf35094a-ad64-41dd-9f2d-32cbc942aaed";"kn6gezSZWLgjSKyE";"https://localhost:44345/subscription-checkout?sessionid=sub_1OvLH0DhgP60CL9xNyOeDKTY&id=kn6gezSZWLgjSKyE";"silver";"sub_1OvLH0DhgP60CL9xNyOeDKTY";"1";"2024-03-17 15:09:34";"2024-03-17 15:05:19"
"c6039b8c-543e-11ef-99ce-0af7a01f52e9";"cf35094a-ad64-41dd-9f2d-32cbc942aaed";"A6YG3MHEvzzO0rNH";"http://api.legallead.co/subscription-checkout?sessionid=sub_1PkvN2DhgP60CL9xgOC0eD9M&id=A6YG3MHEvzzO0rNH";"gold";"sub_1PkvN2DhgP60CL9xgOC0eD9M";"0";"";"2024-08-06 21:56:45"
"ca00349f-5fc1-11ef-99ce-0af7a01f52e9";"cf35094a-ad64-41dd-9f2d-32cbc942aaed";"s0zQKMO6guTWk8NP";"NONE";"guest";"NONE";"1";"2024-08-21 13:32:19";"2024-08-21 13:32:19"
"ca9f0dcd-1d31-11ef-99ce-0af7a01f52e9";"cf35094a-ad64-41dd-9f2d-32cbc942aaed";"vma9NuyUWqgNvElA";"NONE";"guest";"NONE";"1";"2024-05-28 20:35:16";"2024-05-28 20:35:16"
"cd8e1482-f480-11ee-b616-0af7a01f52e9";"cf35094a-ad64-41dd-9f2d-32cbc942aaed";"fvo5m0dhPsFRmAJm";"NONE";"guest";"NONE";"1";"2024-04-07 01:47:33";"2024-04-07 01:47:33"
"cdfe6e0a-1d55-11ef-99ce-0af7a01f52e9";"cf35094a-ad64-41dd-9f2d-32cbc942aaed";"92DB2IbrK9YzA7Dm";"NONE";"guest";"NONE";"1";"2024-05-29 00:53:03";"2024-05-29 00:53:03"
"cfa9e4c6-363b-11ef-99ce-0af7a01f52e9";"8066bf52-1804-4327-95c0-5776087af923";"SNfd3mTvY4n7QUIw";"http://api.legallead.co/subscription-checkout?sessionid=sub_1PX4wLDhgP60CL9xdFFA3ZGm&id=SNfd3mTvY4n7QUIw";"platinum";"sub_1PX4wLDhgP60CL9xdFFA3ZGm";"1";"2024-06-29 17:23:15";"2024-06-29 17:19:58"
"cffc29e9-220e-11ef-99ce-0af7a01f52e9";"bcb2aebb-60ab-4eb2-aba9-11618ea8b3ea";"q8rXRcXcw0QbLs3f";"https://localhost:44345/subscription-checkout?sessionid=sub_1PNlqVDhgP60CL9x0KuPUiFk&id=q8rXRcXcw0QbLs3f";"silver";"sub_1PNlqVDhgP60CL9x0KuPUiFk";"0";"";"2024-06-04 01:07:28"
"d106ca12-1e00-11ef-99ce-0af7a01f52e9";"cf35094a-ad64-41dd-9f2d-32cbc942aaed";"Foc7k135jHxo0WYC";"https://localhost:44345/subscription-checkout?sessionid=sub_1PLtruDhgP60CL9xqNZtXBMh&id=Foc7k135jHxo0WYC";"platinum";"sub_1PLtruDhgP60CL9xqNZtXBMh";"0";"";"2024-05-29 21:17:12"
"d1f34a1f-0bb8-11ef-99ce-0af7a01f52e9";"cf35094a-ad64-41dd-9f2d-32cbc942aaed";"UilNITFdhVjJ2pLi";"NONE";"guest";"NONE";"1";"2024-05-06 14:56:29";"2024-05-06 14:56:29"
"d26224ec-3c04-11ef-99ce-0af7a01f52e9";"cf35094a-ad64-41dd-9f2d-32cbc942aaed";"LAwiaKopOiNaPutH";"NONE";"guest";"NONE";"1";"2024-07-07 02:01:27";"2024-07-07 02:01:27"
"d3922a9d-0cbb-11ef-99ce-0af7a01f52e9";"cf35094a-ad64-41dd-9f2d-32cbc942aaed";"ZPSIUSSxnS9ZbE79";"NONE";"guest";"NONE";"1";"2024-05-07 21:50:31";"2024-05-07 21:50:31"
"d59b5616-2211-11ef-99ce-0af7a01f52e9";"bcb2aebb-60ab-4eb2-aba9-11618ea8b3ea";"y9emx2lmup4VpljZ";"https://localhost:44345/subscription-checkout?sessionid=sub_1PNmBQDhgP60CL9xN7wWLo2Z&id=y9emx2lmup4VpljZ";"silver";"sub_1PNmBQDhgP60CL9xN7wWLo2Z";"1";"2024-06-04 01:29:32";"2024-06-04 01:29:06"
"d64ee364-0dbb-11ef-99ce-0af7a01f52e9";"cf35094a-ad64-41dd-9f2d-32cbc942aaed";"tK5IXXxAO8cXDTEi";"NONE";"guest";"NONE";"1";"2024-05-09 04:23:07";"2024-05-09 04:23:07"
"d736a11c-0bb7-11ef-99ce-0af7a01f52e9";"cf35094a-ad64-41dd-9f2d-32cbc942aaed";"OohYO1DZOR5F4hzj";"NONE";"guest";"NONE";"1";"2024-05-06 14:49:28";"2024-05-06 14:49:28"
"db19ea54-a482-11ef-99ce-0af7a01f52e9";"cf35094a-ad64-41dd-9f2d-32cbc942aaed";"PzYTNUjeBLp4NJ8r";"NONE";"guest";"NONE";"1";"2024-11-17 01:25:40";"2024-11-17 01:25:40"
"deb79e87-228d-11ef-99ce-0af7a01f52e9";"cf35094a-ad64-41dd-9f2d-32cbc942aaed";"JqWg9GOdoejjXhrw";"NONE";"guest";"NONE";"1";"2024-06-04 16:16:59";"2024-06-04 16:16:59"
"df866a0c-f481-11ee-b616-0af7a01f52e9";"cf35094a-ad64-41dd-9f2d-32cbc942aaed";"3KxCu1sYgzeqC6md";"NONE";"guest";"NONE";"1";"2024-04-07 01:55:13";"2024-04-07 01:55:13"
"e1106c09-1b80-11ef-99ce-0af7a01f52e9";"cf35094a-ad64-41dd-9f2d-32cbc942aaed";"pHBiVc7GINVi6Nai";"NONE";"guest";"NONE";"1";"2024-05-26 16:56:21";"2024-05-26 16:56:21"
"e2c302ab-54f2-11ef-99ce-0af7a01f52e9";"cf35094a-ad64-41dd-9f2d-32cbc942aaed";"2lXZ2iidXzBHecjC";"http://api.legallead.co/subscription-checkout?sessionid=sub_1PlFUjDhgP60CL9xD5RL1Va5&id=2lXZ2iidXzBHecjC";"platinum";"sub_1PlFUjDhgP60CL9xD5RL1Va5";"1";"2024-08-07 19:26:51";"2024-08-07 19:26:03"
"e7da01e7-1d55-11ef-99ce-0af7a01f52e9";"cf35094a-ad64-41dd-9f2d-32cbc942aaed";"hxO0xgNRtl6YxJiU";"https://localhost:44345/subscription-checkout?sessionid=sub_1PLalxDhgP60CL9xsGla3gyo&id=hxO0xgNRtl6YxJiU";"silver";"sub_1PLalxDhgP60CL9xsGla3gyo";"0";"";"2024-05-29 00:53:47"
"e9329c50-e1c9-11ee-b616-0af7a01f52e9";"cf35094a-ad64-41dd-9f2d-32cbc942aaed";"nmR8V91fo6UbpoeE";"https://localhost/subscription-checkout?sessionid=sub_1Ou7XDDhgP60CL9xwgHC7670&id=nmR8V91fo6UbpoeE";"silver";"sub_1Ou7XDDhgP60CL9xwgHC7670";"0";"";"2024-03-14 06:13:01"
"e9682cd5-1d41-11ef-99ce-0af7a01f52e9";"cf35094a-ad64-41dd-9f2d-32cbc942aaed";"gBroZdh1CoOjjncm";"https://localhost:44345/subscription-checkout?sessionid=sub_1PLYXSDhgP60CL9xcVNAGXiZ&id=gBroZdh1CoOjjncm";"gold";"sub_1PLYXSDhgP60CL9xcVNAGXiZ";"0";"";"2024-05-28 22:30:39"
"ebaf4c70-1d51-11ef-99ce-0af7a01f52e9";"cf35094a-ad64-41dd-9f2d-32cbc942aaed";"yzjCRW7KCRAWTyPo";"https://localhost:44345/subscription-checkout?sessionid=sub_1PLaKMDhgP60CL9xWCcWo831&id=yzjCRW7KCRAWTyPo";"silver";"sub_1PLaKMDhgP60CL9xWCcWo831";"0";"";"2024-05-29 00:25:15"
"ec45ad46-0bac-11ef-99ce-0af7a01f52e9";"cf35094a-ad64-41dd-9f2d-32cbc942aaed";"1Q3TA5DG8nxmww1F";"NONE";"guest";"NONE";"1";"2024-05-06 13:31:19";"2024-05-06 13:31:19"
"ed07023f-12df-11ef-99ce-0af7a01f52e9";"cf35094a-ad64-41dd-9f2d-32cbc942aaed";"1nOx7xckqszSL03K";"NONE";"guest";"NONE";"1";"2024-05-15 17:24:03";"2024-05-15 17:24:03"
"ee3a5573-1d57-11ef-99ce-0af7a01f52e9";"cf35094a-ad64-41dd-9f2d-32cbc942aaed";"FeokSs5dWn3LDedB";"https://localhost:44345/subscription-checkout?sessionid=sub_1PLazyDhgP60CL9xxUSV1YPl&id=FeokSs5dWn3LDedB";"platinum";"sub_1PLazyDhgP60CL9xxUSV1YPl";"1";"2024-05-29 01:09:21";"2024-05-29 01:08:16"
"ee409a6d-e1c5-11ee-b616-0af7a01f52e9";"cf35094a-ad64-41dd-9f2d-32cbc942aaed";"BAdh10SD5jgxqONT";"https://localhost/subscription-checkout?sessionid=sub_1Ou74kDhgP60CL9xrgi2a3dq&id=BAdh10SD5jgxqONT";"silver";"sub_1Ou74kDhgP60CL9xrgi2a3dq";"0";"";"2024-03-14 05:44:31"
"efad4257-54c9-11ef-99ce-0af7a01f52e9";"cf35094a-ad64-41dd-9f2d-32cbc942aaed";"YXeJdXhKH98FjaLo";"http://api.legallead.co/subscription-checkout?sessionid=sub_1PlAv4DhgP60CL9xawWfqjq5&id=YXeJdXhKH98FjaLo";"gold";"sub_1PlAv4DhgP60CL9xawWfqjq5";"0";"";"2024-08-07 14:32:55"
"f16294e6-5450-11ef-99ce-0af7a01f52e9";"cf35094a-ad64-41dd-9f2d-32cbc942aaed";"Njfl3QYQQhPx4KJW";"http://api.legallead.co/subscription-checkout?sessionid=sub_1PkxOuDhgP60CL9xtlhM6knL&id=Njfl3QYQQhPx4KJW";"gold";"sub_1PkxOuDhgP60CL9xtlhM6knL";"0";"";"2024-08-07 00:06:49"
"f1b40402-0c18-11ef-99ce-0af7a01f52e9";"cf35094a-ad64-41dd-9f2d-32cbc942aaed";"ugU8j85rggvcLK5Y";"NONE";"guest";"NONE";"1";"2024-05-07 02:24:34";"2024-05-07 02:24:34"
"f3718aa3-e1c9-11ee-b616-0af7a01f52e9";"cf35094a-ad64-41dd-9f2d-32cbc942aaed";"sio2sJqEY1O8BLcp";"https://localhost/subscription-checkout?sessionid=sub_1Ou7XVDhgP60CL9xstmsuO3J&id=sio2sJqEY1O8BLcp";"silver";"sub_1Ou7XVDhgP60CL9xstmsuO3J";"0";"";"2024-03-14 06:13:18"
"f4645db8-1e00-11ef-99ce-0af7a01f52e9";"cf35094a-ad64-41dd-9f2d-32cbc942aaed";"kiRNxEQAoL5bObRY";"https://localhost:44345/subscription-checkout?sessionid=sub_1PLtssDhgP60CL9xIJ6qGC81&id=kiRNxEQAoL5bObRY";"platinum";"sub_1PLtssDhgP60CL9xIJ6qGC81";"1";"2024-05-29 21:19:09";"2024-05-29 21:18:12"
"f4854355-1d56-11ef-99ce-0af7a01f52e9";"cf35094a-ad64-41dd-9f2d-32cbc942aaed";"zrGWDVq7TBAjhhG0";"https://localhost:44345/subscription-checkout?sessionid=sub_1PLatEDhgP60CL9xgtb5WZHm&id=zrGWDVq7TBAjhhG0";"silver";"sub_1PLatEDhgP60CL9xgtb5WZHm";"1";"2024-05-29 01:01:46";"2024-05-29 01:01:17"
"f84e54cf-3314-11ef-99ce-0af7a01f52e9";"cf35094a-ad64-41dd-9f2d-32cbc942aaed";"RbTUBOs1bhsvigOB";"NONE";"guest";"NONE";"1";"2024-06-25 17:04:23";"2024-06-25 17:04:23"
"f9aff773-f50c-11ee-b616-0af7a01f52e9";"cf35094a-ad64-41dd-9f2d-32cbc942aaed";"cyK1ZbJp7jG8bN5T";"http://legalleadpermissionsapi-dev.us-east-2.elasticbeanstalk.com/subscription-checkout?sessionid=sub_1P30UUDhgP60CL9x6l8HVY9t&id=cyK1ZbJp7jG8bN5T";"platinum";"sub_1P30UUDhgP60CL9x6l8HVY9t";"1";"2024-04-07 18:31:25";"2024-04-07 18:30:57"
"fb7ad6c5-0bc1-11ef-99ce-0af7a01f52e9";"cf35094a-ad64-41dd-9f2d-32cbc942aaed";"U36GOdbjyeohETb8";"NONE";"guest";"NONE";"1";"2024-05-06 16:02:04";"2024-05-06 16:02:04"
"fc48fa23-6b00-11ef-99ce-0af7a01f52e9";"cf35094a-ad64-41dd-9f2d-32cbc942aaed";"f25otsjmLautKCev";"NONE";"guest";"NONE";"1";"2024-09-04 21:02:24";"2024-09-04 21:02:24"
"fc8d19f3-faa2-11ee-b616-0af7a01f52e9";"cf35094a-ad64-41dd-9f2d-32cbc942aaed";"olMsvCeGAos24Xfo";"NONE";"guest";"NONE";"1";"2024-04-14 21:07:22";"2024-04-14 21:07:22"
"fcb7885e-40af-11ef-99ce-0af7a01f52e9";"cf35094a-ad64-41dd-9f2d-32cbc942aaed";"Bc15OMAT5p8eYPjb";"NONE";"guest";"NONE";"1";"2024-07-13 00:36:47";"2024-07-13 00:36:47"
"fce365ce-5451-11ef-99ce-0af7a01f52e9";"cf35094a-ad64-41dd-9f2d-32cbc942aaed";"C96HLDlvKyKBx9tf";"http://api.legallead.co/subscription-checkout?sessionid=sub_1PkxW9DhgP60CL9xmDNQeCdF&id=C96HLDlvKyKBx9tf";"gold";"sub_1PkxW9DhgP60CL9xmDNQeCdF";"0";"";"2024-08-07 00:14:18"
"fd833023-5c0c-11ef-99ce-0af7a01f52e9";"cf35094a-ad64-41dd-9f2d-32cbc942aaed";"jfaqKXPB5RFfbY1q";"NONE";"guest";"NONE";"1";"2024-08-16 20:20:33";"2024-08-16 20:20:33"
"fdb0526f-1d55-11ef-99ce-0af7a01f52e9";"cf35094a-ad64-41dd-9f2d-32cbc942aaed";"bU64WpenOuoSeRB0";"NONE";"guest";"NONE";"1";"2024-05-29 00:54:23";"2024-05-29 00:54:23"
"febed0ec-1dff-11ef-99ce-0af7a01f52e9";"cf35094a-ad64-41dd-9f2d-32cbc942aaed";"yRwQAo2MatRgszkJ";"NONE";"guest";"NONE";"1";"2024-05-29 21:13:40";"2024-05-29 21:11:19"
"ff083e68-1d61-11ef-99ce-0af7a01f52e9";"cf35094a-ad64-41dd-9f2d-32cbc942aaed";"wVdxwrtbzvpu5sJg";"https://localhost:44345/subscription-checkout?sessionid=sub_1PLc7hDhgP60CL9xGXRSODYo&id=wVdxwrtbzvpu5sJg";"platinum";"sub_1PLc7hDhgP60CL9xGXRSODYo";"1";"2024-05-29 02:21:18";"2024-05-29 02:20:19"
